════ tsc --noEmit ════
exit=0
════ eslint . ════

/home/z/my-project/rishi-terminal/app/alerts/page.tsx
  28:5  warning  Error: Calling setState synchronously within an effect can trigger cascading renders

Effects are intended to synchronize state between React and external systems such as manually updating the DOM, state management libraries, or other platform APIs. In general, the body of an effect should do one or both of the following:
* Update external systems with the latest state from React.
* Subscribe for updates from some external system, calling setState in a callback function when external state changes.

Calling setState synchronously within an effect body causes cascading renders that can hurt performance, and is not recommended. (https://react.dev/learn/you-might-not-need-an-effect).

/home/z/my-project/rishi-terminal/app/alerts/page.tsx:28:5
  26 |
  27 |   useEffect(() => {
> 28 |     setAlerts(loadAlerts());
     |     ^^^^^^^^^ Avoid calling setState() directly within an effect
  29 |   }, []);
  30 |
  31 |   const symbols = useMemo(() => {                                                                                                                                                                                                  react-hooks/set-state-in-effect
  43:7  warning  Error: Calling setState synchronously within an effect can trigger cascading renders

Effects are intended to synchronize state between React and external systems such as manually updating the DOM, state management libraries, or other platform APIs. In general, the body of an effect should do one or both of the following:
* Update external systems with the latest state from React.
* Subscribe for updates from some external system, calling setState in a callback function when external state changes.

Calling setState synchronously within an effect body causes cascading renders that can hurt performance, and is not recommended. (https://react.dev/learn/you-might-not-need-an-effect).

/home/z/my-project/rishi-terminal/app/alerts/page.tsx:43:7
  41 |     const triggered = checkAlerts(alerts, prices);
  42 |     if (triggered.length > 0) {
> 43 |       setTriggeredToday(prev => [...prev, ...triggered]);
     |       ^^^^^^^^^^^^^^^^^ Avoid calling setState() directly within an effect
  44 |       // Mark as triggered in storage
  45 |       const updated = alerts.map(a => {
  46 |         const t = triggered.find(tr => tr.id === a.id);  react-hooks/set-state-in-effect
  52:6  warning  React Hook useEffect has a missing dependency: 'alerts'. Either include it or remove the dependency array                                                                                                                                                                                                                                                                                                                                                                                                                                                                                                                                                                                                                                                                                                                                                                                                                                                                                                                                                                                                                                                                                     react-hooks/exhaustive-deps
  73:9  warning  'triggeredAlerts' is assigned a value but never used                                                                                                                                                                                                                                                                                                                                                                                                                                                                                                                                                                                                                                                                                                                                                                                                                                                                                                                                                                                                                                                                                                                                          @typescript-eslint/no-unused-vars

/home/z/my-project/rishi-terminal/app/api/chat/personas/route.ts
  16:27  warning  '_req' is defined but never used  @typescript-eslint/no-unused-vars

/home/z/my-project/rishi-terminal/app/api/history/breadth/route.ts
  44:27  warning  'req' is defined but never used  @typescript-eslint/no-unused-vars

/home/z/my-project/rishi-terminal/app/bonds/page.tsx
   36:66  warning  React Hook useMemo has a missing dependency: 'bondList'. Either include it or remove the dependency array  react-hooks/exhaustive-deps
  228:50  warning  Unexpected any. Specify a different type                                                                   @typescript-eslint/no-explicit-any

/home/z/my-project/rishi-terminal/app/commodities/page.tsx
   28:24  warning  'setExpandedCard' is assigned a value but never used  @typescript-eslint/no-unused-vars
  206:19  warning  'isExpanded' is assigned a value but never used       @typescript-eslint/no-unused-vars
  207:19  warning  'liveCommodity' is assigned a value but never used    @typescript-eslint/no-unused-vars

/home/z/my-project/rishi-terminal/app/crypto/page.tsx
   6:61  warning  'getCryptoMetrics' is defined but never used                                                                                                                                                                                                                                                                                                                                                                                                                                                                                                                                                                                                                                                                                                                                                                                                                                                                                                                                                                                  @typescript-eslint/no-unused-vars
  23:18  warning  'setSector' is assigned a value but never used                                                                                                                                                                                                                                                                                                                                                                                                                                                                                                                                                                                                                                                                                                                                                                                                                                                                                                                                                                                @typescript-eslint/no-unused-vars
  49:9   warning  'sectors' is assigned a value but never used                                                                                                                                                                                                                                                                                                                                                                                                                                                                                                                                                                                                                                                                                                                                                                                                                                                                                                                                                                                  @typescript-eslint/no-unused-vars
  55:7   warning  Error: Calling setState synchronously within an effect can trigger cascading renders

Effects are intended to synchronize state between React and external systems such as manually updating the DOM, state management libraries, or other platform APIs. In general, the body of an effect should do one or both of the following:
* Update external systems with the latest state from React.
* Subscribe for updates from some external system, calling setState in a callback function when external state changes.

Calling setState synchronously within an effect body causes cascading renders that can hurt performance, and is not recommended. (https://react.dev/learn/you-might-not-need-an-effect).

/home/z/my-project/rishi-terminal/app/crypto/page.tsx:55:7
  53 |   useEffect(() => {
  54 |     if (Object.keys(prices).length > 0) {
> 55 |       setLastUpdated(new Date());
     |       ^^^^^^^^^^^^^^ Avoid calling setState() directly within an effect
  56 |     }
  57 |   }, [prices]);
  58 |  react-hooks/set-state-in-effect

/home/z/my-project/rishi-terminal/app/fno/backtester/page.tsx
  14:11  warning  't' is assigned a value but never used  @typescript-eslint/no-unused-vars

/home/z/my-project/rishi-terminal/app/forex/page.tsx
   98:60  warning  React Hook useMemo has a missing dependency: 'pairList'. Either include it or remove the dependency array  react-hooks/exhaustive-deps
  294:11  warning  Unexpected any. Specify a different type                                                                   @typescript-eslint/no-explicit-any
  346:34  warning  Unexpected any. Specify a different type                                                                   @typescript-eslint/no-explicit-any
  349:34  warning  Unexpected any. Specify a different type                                                                   @typescript-eslint/no-explicit-any

/home/z/my-project/rishi-terminal/app/news/[id]/page.tsx
  55:7  warning  Custom fonts not added in `pages/_document.js` will only load for a single page. This is discouraged. See: https://nextjs.org/docs/messages/no-page-custom-font  @next/next/no-page-custom-font

/home/z/my-project/rishi-terminal/app/news/page.tsx
    3:31  warning  'useCallback' is defined but never used                                                                                                                                                                                                                                                                                                                                                                                                                                                                                                                                                                                                                                                                                                                                                                                                                                                                                                                                                                                                                                                                                                                                                                                    @typescript-eslint/no-unused-vars
    6:10  warning  'NEWS_FEED' is defined but never used                                                                                                                                                                                                                                                                                                                                                                                                                                                                                                                                                                                                                                                                                                                                                                                                                                                                                                                                                                                                                                                                                                                                                                                      @typescript-eslint/no-unused-vars
    6:21  warning  'TICKER_ITEMS' is defined but never used                                                                                                                                                                                                                                                                                                                                                                                                                                                                                                                                                                                                                                                                                                                                                                                                                                                                                                                                                                                                                                                                                                                                                                                   @typescript-eslint/no-unused-vars
    6:35  warning  'TRENDING_TOPICS' is defined but never used                                                                                                                                                                                                                                                                                                                                                                                                                                                                                                                                                                                                                                                                                                                                                                                                                                                                                                                                                                                                                                                                                                                                                                                @typescript-eslint/no-unused-vars
    6:52  warning  'IPL_TEAMS' is defined but never used                                                                                                                                                                                                                                                                                                                                                                                                                                                                                                                                                                                                                                                                                                                                                                                                                                                                                                                                                                                                                                                                                                                                                                                      @typescript-eslint/no-unused-vars
    6:63  warning  'CRICKET_LIVE' is defined but never used                                                                                                                                                                                                                                                                                                                                                                                                                                                                                                                                                                                                                                                                                                                                                                                                                                                                                                                                                                                                                                                                                                                                                                                   @typescript-eslint/no-unused-vars
  125:19  warning  Unexpected any. Specify a different type                                                                                                                                                                                                                                                                                                                                                                                                                                                                                                                                                                                                                                                                                                                                                                                                                                                                                                                                                                                                                                                                                                                                                                                   @typescript-eslint/no-explicit-any
  125:44  warning  Unexpected any. Specify a different type                                                                                                                                                                                                                                                                                                                                                                                                                                                                                                                                                                                                                                                                                                                                                                                                                                                                                                                                                                                                                                                                                                                                                                                   @typescript-eslint/no-explicit-any
  127:24  warning  Unexpected any. Specify a different type                                                                                                                                                                                                                                                                                                                                                                                                                                                                                                                                                                                                                                                                                                                                                                                                                                                                                                                                                                                                                                                                                                                                                                                   @typescript-eslint/no-explicit-any
  139:18  warning  'setRegion' is assigned a value but never used                                                                                                                                                                                                                                                                                                                                                                                                                                                                                                                                                                                                                                                                                                                                                                                                                                                                                                                                                                                                                                                                                                                                                                             @typescript-eslint/no-unused-vars
  170:13  warning  Error: Calling setState synchronously within an effect can trigger cascading renders

Effects are intended to synchronize state between React and external systems such as manually updating the DOM, state management libraries, or other platform APIs. In general, the body of an effect should do one or both of the following:
* Update external systems with the latest state from React.
* Subscribe for updates from some external system, calling setState in a callback function when external state changes.

Calling setState synchronously within an effect body causes cascading renders that can hurt performance, and is not recommended. (https://react.dev/learn/you-might-not-need-an-effect).

/home/z/my-project/rishi-terminal/app/news/page.tsx:170:13
  168 |     const savedStr = localStorage.getItem('rishi_saved_news');
  169 |     if (savedStr) {
> 170 |       try { setSaved(JSON.parse(savedStr)); }
      |             ^^^^^^^^ Avoid calling setState() directly within an effect
  171 |       catch { setSaved([]); }
  172 |     }
  173 |   }, []);                                                                                                                               react-hooks/set-state-in-effect
  203:11  warning  Error: Calling setState synchronously within an effect can trigger cascading renders

Effects are intended to synchronize state between React and external systems such as manually updating the DOM, state management libraries, or other platform APIs. In general, the body of an effect should do one or both of the following:
* Update external systems with the latest state from React.
* Subscribe for updates from some external system, calling setState in a callback function when external state changes.

Calling setState synchronously within an effect body causes cascading renders that can hurt performance, and is not recommended. (https://react.dev/learn/you-might-not-need-an-effect).

/home/z/my-project/rishi-terminal/app/news/page.tsx:203:11
  201 |         const age = Date.now() - (parsed.ts || 0);
  202 |         if (parsed.news && Array.isArray(parsed.news) && parsed.news.length > 0) {
> 203 |           setLiveNews(parsed.news);
      |           ^^^^^^^^^^^ Avoid calling setState() directly within an effect
  204 |           setLoading(false);
  205 |           // Stale? Refresh silently in background
  206 |           if (age >= 120000) { loadLive(true); }  react-hooks/set-state-in-effect

/home/z/my-project/rishi-terminal/app/pulse/page.tsx
  124:21   warning  Unexpected any. Specify a different type                                                                                                                                                                                                                                                                                                                                                                                                                                                                                                                                                                                                                                                                                                                                                                                                                                                                                                                                                                                                                                                                                                                                                                                                                                                 @typescript-eslint/no-explicit-any
  129:20   warning  Unexpected any. Specify a different type                                                                                                                                                                                                                                                                                                                                                                                                                                                                                                                                                                                                                                                                                                                                                                                                                                                                                                                                                                                                                                                                                                                                                                                                                                                 @typescript-eslint/no-explicit-any
  147:39   warning  Unexpected any. Specify a different type                                                                                                                                                                                                                                                                                                                                                                                                                                                                                                                                                                                                                                                                                                                                                                                                                                                                                                                                                                                                                                                                                                                                                                                                                                                 @typescript-eslint/no-explicit-any
  174:55   warning  Unexpected any. Specify a different type                                                                                                                                                                                                                                                                                                                                                                                                                                                                                                                                                                                                                                                                                                                                                                                                                                                                                                                                                                                                                                                                                                                                                                                                                                                 @typescript-eslint/no-explicit-any
  175:42   warning  Unexpected any. Specify a different type                                                                                                                                                                                                                                                                                                                                                                                                                                                                                                                                                                                                                                                                                                                                                                                                                                                                                                                                                                                                                                                                                                                                                                                                                                                 @typescript-eslint/no-explicit-any
  176:48   warning  Unexpected any. Specify a different type                                                                                                                                                                                                                                                                                                                                                                                                                                                                                                                                                                                                                                                                                                                                                                                                                                                                                                                                                                                                                                                                                                                                                                                                                                                 @typescript-eslint/no-explicit-any
  177:40   warning  Unexpected any. Specify a different type                                                                                                                                                                                                                                                                                                                                                                                                                                                                                                                                                                                                                                                                                                                                                                                                                                                                                                                                                                                                                                                                                                                                                                                                                                                 @typescript-eslint/no-explicit-any
  192:29   warning  Error: Calling setState synchronously within an effect can trigger cascading renders

Effects are intended to synchronize state between React and external systems such as manually updating the DOM, state management libraries, or other platform APIs. In general, the body of an effect should do one or both of the following:
* Update external systems with the latest state from React.
* Subscribe for updates from some external system, calling setState in a callback function when external state changes.

Calling setState synchronously within an effect body causes cascading renders that can hurt performance, and is not recommended. (https://react.dev/learn/you-might-not-need-an-effect).

/home/z/my-project/rishi-terminal/app/pulse/page.tsx:192:29
  190 |     if (typeof window === 'undefined') return;
  191 |     const t = new URLSearchParams(window.location.search).get('tab');
> 192 |     if (isValidPulseTab(t)) setTab(t);
      |                             ^^^^^^ Avoid calling setState() directly within an effect
  193 |   }, []);
  194 |
  195 |   useEffect(() => {                                                                                                                                                                   react-hooks/set-state-in-effect
  216:115  warning  Error: Calling setState synchronously within an effect can trigger cascading renders

Effects are intended to synchronize state between React and external systems such as manually updating the DOM, state management libraries, or other platform APIs. In general, the body of an effect should do one or both of the following:
* Update external systems with the latest state from React.
* Subscribe for updates from some external system, calling setState in a callback function when external state changes.

Calling setState synchronously within an effect body causes cascading renders that can hurt performance, and is not recommended. (https://react.dev/learn/you-might-not-need-an-effect).

/home/z/my-project/rishi-terminal/app/pulse/page.tsx:216:115
  214 |     try {
  215 |       const saved = window.localStorage.getItem('economyPlus.activeLens');
> 216 |       if (saved === 'None' || saved === 'All' || saved === 'Hayek' || saved === 'Friedman' || saved === 'Keynes') setActiveLens(saved as any);
      |                                                                                                                   ^^^^^^^^^^^^^ Avoid calling setState() directly within an effect
  217 |     } catch {}
  218 |   }, []);
  219 |  react-hooks/set-state-in-effect
  216:138  warning  Unexpected any. Specify a different type                                                                                                                                                                                                                                                                                                                                                                                                                                                                                                                                                                                                                                                                                                                                                                                                                                                                                                                                                                                                                                                                                                                                                                                                                                                 @typescript-eslint/no-explicit-any
  369:69   warning  Unexpected any. Specify a different type                                                                                                                                                                                                                                                                                                                                                                                                                                                                                                                                                                                                                                                                                                                                                                                                                                                                                                                                                                                                                                                                                                                                                                                                                                                 @typescript-eslint/no-explicit-any
  378:8    warning  React Hook useMemo has missing dependencies: 'MACRO_REGIME.label' and 'PHILOSOPHER_STANCES'. Either include them or remove the dependency array                                                                                                                                                                                                                                                                                                                                                                                                                                                                                                                                                                                                                                                                                                                                                                                                                                                                                                                                                                                                                                                                                                                                          react-hooks/exhaustive-deps
  381:47   warning  Unexpected any. Specify a different type                                                                                                                                                                                                                                                                                                                                                                                                                                                                                                                                                                                                                                                                                                                                                                                                                                                                                                                                                                                                                                                                                                                                                                                                                                                 @typescript-eslint/no-explicit-any
  382:59   warning  Unexpected any. Specify a different type                                                                                                                                                                                                                                                                                                                                                                                                                                                                                                                                                                                                                                                                                                                                                                                                                                                                                                                                                                                                                                                                                                                                                                                                                                                 @typescript-eslint/no-explicit-any
  382:67   warning  Unexpected any. Specify a different type                                                                                                                                                                                                                                                                                                                                                                                                                                                                                                                                                                                                                                                                                                                                                                                                                                                                                                                                                                                                                                                                                                                                                                                                                                                 @typescript-eslint/no-explicit-any
  387:6    warning  React Hook useMemo has a missing dependency: 't'. Either include it or remove the dependency array                                                                                                                                                                                                                                                                                                                                                                                                                                                                                                                                                                                                                                                                                                                                                                                                                                                                                                                                                                                                                                                                                                                                                                                       react-hooks/exhaustive-deps
  504:25   warning  Unexpected any. Specify a different type                                                                                                                                                                                                                                                                                                                                                                                                                                                                                                                                                                                                                                                                                                                                                                                                                                                                                                                                                                                                                                                                                                                                                                                                                                                 @typescript-eslint/no-explicit-any
  548:64   warning  Unexpected any. Specify a different type                                                                                                                                                                                                                                                                                                                                                                                                                                                                                                                                                                                                                                                                                                                                                                                                                                                                                                                                                                                                                                                                                                                                                                                                                                                 @typescript-eslint/no-explicit-any
  584:48   warning  Unexpected any. Specify a different type                                                                                                                                                                                                                                                                                                                                                                                                                                                                                                                                                                                                                                                                                                                                                                                                                                                                                                                                                                                                                                                                                                                                                                                                                                                 @typescript-eslint/no-explicit-any
  621:82   warning  Unexpected any. Specify a different type                                                                                                                                                                                                                                                                                                                                                                                                                                                                                                                                                                                                                                                                                                                                                                                                                                                                                                                                                                                                                                                                                                                                                                                                                                                 @typescript-eslint/no-explicit-any
  677:46   warning  Unexpected any. Specify a different type                                                                                                                                                                                                                                                                                                                                                                                                                                                                                                                                                                                                                                                                                                                                                                                                                                                                                                                                                                                                                                                                                                                                                                                                                                                 @typescript-eslint/no-explicit-any
  677:51   warning  'i' is defined but never used                                                                                                                                                                                                                                                                                                                                                                                                                                                                                                                                                                                                                                                                                                                                                                                                                                                                                                                                                                                                                                                                                                                                                                                                                                                            @typescript-eslint/no-unused-vars
  750:29   warning  Unexpected any. Specify a different type                                                                                                                                                                                                                                                                                                                                                                                                                                                                                                                                                                                                                                                                                                                                                                                                                                                                                                                                                                                                                                                                                                                                                                                                                                                 @typescript-eslint/no-explicit-any
  751:26   warning  Unexpected any. Specify a different type                                                                                                                                                                                                                                                                                                                                                                                                                                                                                                                                                                                                                                                                                                                                                                                                                                                                                                                                                                                                                                                                                                                                                                                                                                                 @typescript-eslint/no-explicit-any
  827:51   warning  Unexpected any. Specify a different type                                                                                                                                                                                                                                                                                                                                                                                                                                                                                                                                                                                                                                                                                                                                                                                                                                                                                                                                                                                                                                                                                                                                                                                                                                                 @typescript-eslint/no-explicit-any
  827:56   warning  'i' is defined but never used                                                                                                                                                                                                                                                                                                                                                                                                                                                                                                                                                                                                                                                                                                                                                                                                                                                                                                                                                                                                                                                                                                                                                                                                                                                            @typescript-eslint/no-unused-vars
  868:29   warning  Unexpected any. Specify a different type                                                                                                                                                                                                                                                                                                                                                                                                                                                                                                                                                                                                                                                                                                                                                                                                                                                                                                                                                                                                                                                                                                                                                                                                                                                 @typescript-eslint/no-explicit-any
  869:26   warning  Unexpected any. Specify a different type                                                                                                                                                                                                                                                                                                                                                                                                                                                                                                                                                                                                                                                                                                                                                                                                                                                                                                                                                                                                                                                                                                                                                                                                                                                 @typescript-eslint/no-explicit-any
  915:11   warning  Unexpected any. Specify a different type                                                                                                                                                                                                                                                                                                                                                                                                                                                                                                                                                                                                                                                                                                                                                                                                                                                                                                                                                                                                                                                                                                                                                                                                                                                 @typescript-eslint/no-explicit-any
  921:55   warning  Unexpected any. Specify a different type                                                                                                                                                                                                                                                                                                                                                                                                                                                                                                                                                                                                                                                                                                                                                                                                                                                                                                                                                                                                                                                                                                                                                                                                                                                 @typescript-eslint/no-explicit-any
  921:60   warning  'i' is defined but never used                                                                                                                                                                                                                                                                                                                                                                                                                                                                                                                                                                                                                                                                                                                                                                                                                                                                                                                                                                                                                                                                                                                                                                                                                                                            @typescript-eslint/no-unused-vars
  962:11   warning  Unexpected any. Specify a different type                                                                                                                                                                                                                                                                                                                                                                                                                                                                                                                                                                                                                                                                                                                                                                                                                                                                                                                                                                                                                                                                                                                                                                                                                                                 @typescript-eslint/no-explicit-any
  968:52   warning  Unexpected any. Specify a different type                                                                                                                                                                                                                                                                                                                                                                                                                                                                                                                                                                                                                                                                                                                                                                                                                                                                                                                                                                                                                                                                                                                                                                                                                                                 @typescript-eslint/no-explicit-any

/home/z/my-project/rishi-terminal/app/rishis/page.tsx
  39:11  warning  't' is assigned a value but never used                                                                                                                                                                           @typescript-eslint/no-unused-vars
  49:9   warning  The 'currentMessages' logical expression could make the dependencies of useEffect Hook (at line 69) change on every render. To fix this, wrap the initialization of 'currentMessages' in its own useMemo() Hook  react-hooks/exhaustive-deps

/home/z/my-project/rishi-terminal/components/TopBar.tsx
  12:7  warning  Error: Calling setState synchronously within an effect can trigger cascading renders

Effects are intended to synchronize state between React and external systems such as manually updating the DOM, state management libraries, or other platform APIs. In general, the body of an effect should do one or both of the following:
* Update external systems with the latest state from React.
* Subscribe for updates from some external system, calling setState in a callback function when external state changes.

Calling setState synchronously within an effect body causes cascading renders that can hurt performance, and is not recommended. (https://react.dev/learn/you-might-not-need-an-effect).

/home/z/my-project/rishi-terminal/components/TopBar.tsx:12:7
  10 |     try {
  11 |       const saved = localStorage.getItem('rishi.theme');
> 12 |       setTheme(saved === 'dark' ? 'dark' : 'blue');
     |       ^^^^^^^^ Avoid calling setState() directly within an effect
  13 |     } catch {}
  14 |   }, []);
  15 |  react-hooks/set-state-in-effect

/home/z/my-project/rishi-terminal/components/chat/RishiChat.tsx
   90:7   warning  Error: Calling setState synchronously within an effect can trigger cascading renders

Effects are intended to synchronize state between React and external systems such as manually updating the DOM, state management libraries, or other platform APIs. In general, the body of an effect should do one or both of the following:
* Update external systems with the latest state from React.
* Subscribe for updates from some external system, calling setState in a callback function when external state changes.

Calling setState synchronously within an effect body causes cascading renders that can hurt performance, and is not recommended. (https://react.dev/learn/you-might-not-need-an-effect).

/home/z/my-project/rishi-terminal/components/chat/RishiChat.tsx:90:7
  88 |   useEffect(() => {
  89 |     if (allowedPersonaIds.length > 0 && !allowedPersonaIds.includes(selectedRishi)) {
> 90 |       setSelectedRishi(allowedPersonaIds[0]);
     |       ^^^^^^^^^^^^^^^^ Avoid calling setState() directly within an effect
  91 |     }
  92 |   }, [allowedPersonaIds]);
  93 |                                                                                   react-hooks/set-state-in-effect
   92:6   warning  React Hook useEffect has a missing dependency: 'selectedRishi'. Either include it or remove the dependency array                                                                                                                                                                                                                                                                                                                                                                                                                                                                                                                                                                                                                                                                                                                                                                                                                                                                                                                                                                                                                                                                              react-hooks/exhaustive-deps
  100:7   warning  Error: Calling setState synchronously within an effect can trigger cascading renders

Effects are intended to synchronize state between React and external systems such as manually updating the DOM, state management libraries, or other platform APIs. In general, the body of an effect should do one or both of the following:
* Update external systems with the latest state from React.
* Subscribe for updates from some external system, calling setState in a callback function when external state changes.

Calling setState synchronously within an effect body causes cascading renders that can hurt performance, and is not recommended. (https://react.dev/learn/you-might-not-need-an-effect).

/home/z/my-project/rishi-terminal/components/chat/RishiChat.tsx:100:7
   98 |     const ids = availableRishis.map(r => r.id);
   99 |     if (!ids.includes(a) || !ids.includes(b)) {
> 100 |       setDebateRishis([ids[0], ids[1] ?? ids[0]]);
      |       ^^^^^^^^^^^^^^^ Avoid calling setState() directly within an effect
  101 |     }
  102 |   }, [availableRishis]);
  103 |                                                                                   react-hooks/set-state-in-effect
  102:6   warning  React Hook useEffect has a missing dependency: 'debateRishis'. Either include it or remove the dependency array                                                                                                                                                                                                                                                                                                                                                                                                                                                                                                                                                                                                                                                                                                                                                                                                                                                                                                                                                                                                                                                                               react-hooks/exhaustive-deps
  112:7   warning  Error: Calling setState synchronously within an effect can trigger cascading renders

Effects are intended to synchronize state between React and external systems such as manually updating the DOM, state management libraries, or other platform APIs. In general, the body of an effect should do one or both of the following:
* Update external systems with the latest state from React.
* Subscribe for updates from some external system, calling setState in a callback function when external state changes.

Calling setState synchronously within an effect body causes cascading renders that can hurt performance, and is not recommended. (https://react.dev/learn/you-might-not-need-an-effect).

/home/z/my-project/rishi-terminal/components/chat/RishiChat.tsx:112:7
  110 |     const existing = sessions.find(s => s.rishiId === selectedRishi);
  111 |     if (existing) {
> 112 |       setCurrentSession(existing.id);
      |       ^^^^^^^^^^^^^^^^^ Avoid calling setState() directly within an effect
  113 |       setMessages(existing.messages);
  114 |     } else {
  115 |       const newSession = createSession(selectedRishi, stock.symbol, 'stock');  react-hooks/set-state-in-effect
  166:11  warning  Error: Cannot call impure function during render

`Date.now` is an impure function. Calling an impure function can produce unstable results that update unpredictably when the component happens to re-render. (https://react.dev/reference/rules/components-and-hooks-must-be-pure#components-and-hooks-must-be-idempotent).

/home/z/my-project/rishi-terminal/components/chat/RishiChat.tsx:166:11
  164 |
  165 |     const userMsg: ChatMessage = {
> 166 |       id: Date.now().toString(),
      |           ^^^^^^^^^^ Cannot call impure function
  167 |       role: "user",
  168 |       text: text.trim(),
  169 |       timestamp: new Date(),                                                                                                                                                                                                                                                                                                                                                                                                                                                                                                                                  react-hooks/purity
  211:17  warning  Error: Cannot call impure function during render

`Date.now` is an impure function. Calling an impure function can produce unstable results that update unpredictably when the component happens to re-render. (https://react.dev/reference/rules/components-and-hooks-must-be-pure#components-and-hooks-must-be-idempotent).

/home/z/my-project/rishi-terminal/components/chat/RishiChat.tsx:211:17
  209 |           const persona = PERSONA_DISPLAY.find(p => p.id === rid);
  210 |           const msg: ChatMessage = {
> 211 |             id: Date.now().toString() + '_' + suffix,
      |                 ^^^^^^^^^^ Cannot call impure function
  212 |             role: "rishi",
  213 |             rishiId: rid,
  214 |             rishiName: persona?.name,                                                                                                                                                                                                                                                                                                                                                                                                                 react-hooks/purity
  230:15  warning  Error: Cannot call impure function during render

`Date.now` is an impure function. Calling an impure function can produce unstable results that update unpredictably when the component happens to re-render. (https://react.dev/reference/rules/components-and-hooks-must-be-pure#components-and-hooks-must-be-idempotent).

/home/z/my-project/rishi-terminal/components/chat/RishiChat.tsx:230:15
  228 |         const persona = PERSONA_DISPLAY.find(p => p.id === selectedRishi);
  229 |         const rishiMsg: ChatMessage = {
> 230 |           id: Date.now().toString() + '_r',
      |               ^^^^^^^^^^ Cannot call impure function
  231 |           role: "rishi",
  232 |           rishiId: selectedRishi,
  233 |           rishiName: persona?.name,                                                                                                                                                                                                                                                                                                                                                                                                              react-hooks/purity

/home/z/my-project/rishi-terminal/components/commodities/CommodityDetailClient.tsx
   51:9   warning  'liveCommodity' is assigned a value but never used  @typescript-eslint/no-unused-vars
  329:38  warning  Unexpected any. Specify a different type            @typescript-eslint/no-explicit-any

/home/z/my-project/rishi-terminal/components/dashboard/DashboardClient.tsx
    8:8   warning  'DailyRitualWidget' is defined but never used                                                         @typescript-eslint/no-unused-vars
    9:8   warning  'ProgressBar' is defined but never used                                                               @typescript-eslint/no-unused-vars
  159:43  warning  'buyFundLoading' is assigned a value but never used                                                   @typescript-eslint/no-unused-vars
  172:6   warning  React Hook useEffect has a missing dependency: 't'. Either include it or remove the dependency array  react-hooks/exhaustive-deps
  491:21  warning  'up' is assigned a value but never used                                                               @typescript-eslint/no-unused-vars
  601:21  warning  'up' is assigned a value but never used                                                               @typescript-eslint/no-unused-vars

/home/z/my-project/rishi-terminal/components/epistemic/EpistemicSummaryCard.tsx
  12:25  warning  Unexpected any. Specify a different type  @typescript-eslint/no-explicit-any
  13:18  warning  Unexpected any. Specify a different type  @typescript-eslint/no-explicit-any

/home/z/my-project/rishi-terminal/components/fno/PayoffChart.tsx
  14:70  warning  'maxProfit' is defined but never used            @typescript-eslint/no-unused-vars
  14:81  warning  'maxLoss' is defined but never used              @typescript-eslint/no-unused-vars
  61:9   warning  'profitPath' is assigned a value but never used  @typescript-eslint/no-unused-vars
  66:18  warning  'arr' is defined but never used                  @typescript-eslint/no-unused-vars

/home/z/my-project/rishi-terminal/components/forex/ForexDetailClient.tsx
  334:22  warning  Unexpected any. Specify a different type  @typescript-eslint/no-explicit-any

/home/z/my-project/rishi-terminal/components/gamification/DailyRitual.tsx
   5:45  warning  'saveProgress' is defined but never used                                                                                                                                                                                                                                                                                                                                                                                                                                                                                                                                                                                                                                                                                                                                                                                                                                                                                                                                                                                                                                                                                                    @typescript-eslint/no-unused-vars
  14:5   warning  Error: Calling setState synchronously within an effect can trigger cascading renders

Effects are intended to synchronize state between React and external systems such as manually updating the DOM, state management libraries, or other platform APIs. In general, the body of an effect should do one or both of the following:
* Update external systems with the latest state from React.
* Subscribe for updates from some external system, calling setState in a callback function when external state changes.

Calling setState synchronously within an effect body causes cascading renders that can hurt performance, and is not recommended. (https://react.dev/learn/you-might-not-need-an-effect).

/home/z/my-project/rishi-terminal/components/gamification/DailyRitual.tsx:14:5
  12 |     const today = new Date().toDateString();
  13 |     const r = generateDailyRitual(today);
> 14 |     setRitual(r);
     |     ^^^^^^^^^ Avoid calling setState() directly within an effect
  15 |
  16 |     const progress = loadProgress();
  17 |     const lastCompleted = localStorage.getItem("last_ritual_completed");  react-hooks/set-state-in-effect
  16:11  warning  'progress' is assigned a value but never used                                                                                                                                                                                                                                                                                                                                                                                                                                                                                                                                                                                                                                                                                                                                                                                                                                                                                                                                                                                                                                                                                               @typescript-eslint/no-unused-vars

/home/z/my-project/rishi-terminal/components/gamification/ProgressBar.tsx
   5:24  warning  'getLevelFromXP' is defined but never used                                                                                                                                                                                                                                                                                                                                                                                                                                                                                                                                                                                                                                                                                                                                                                                                                                                                                                                                                                                                                                @typescript-eslint/no-unused-vars
  31:5   warning  Error: Calling setState synchronously within an effect can trigger cascading renders

Effects are intended to synchronize state between React and external systems such as manually updating the DOM, state management libraries, or other platform APIs. In general, the body of an effect should do one or both of the following:
* Update external systems with the latest state from React.
* Subscribe for updates from some external system, calling setState in a callback function when external state changes.

Calling setState synchronously within an effect body causes cascading renders that can hurt performance, and is not recommended. (https://react.dev/learn/you-might-not-need-an-effect).

/home/z/my-project/rishi-terminal/components/gamification/ProgressBar.tsx:31:5
  29 |   useEffect(() => {
  30 |     const progress = loadProgress();
> 31 |     setXP(progress.xp);
     |     ^^^^^ Avoid calling setState() directly within an effect
  32 |     setLevel(progress.level);
  33 |     setStreak(progress.streak);
  34 |   }, []);  react-hooks/set-state-in-effect

/home/z/my-project/rishi-terminal/components/lab/CompareTab.tsx
    19:3   warning  'RadarChart' is defined but never used                                                                                                                                                                                                                                                                                                                                                                                                                                                                                                                                                                                                                                                                                                                                                                                                                                                                                                                                                                                                                                                                                                                                                                      @typescript-eslint/no-unused-vars
    20:3   warning  'Radar' is defined but never used                                                                                                                                                                                                                                                                                                                                                                                                                                                                                                                                                                                                                                                                                                                                                                                                                                                                                                                                                                                                                                                                                                                                                                           @typescript-eslint/no-unused-vars
    21:3   warning  'PolarGrid' is defined but never used                                                                                                                                                                                                                                                                                                                                                                                                                                                                                                                                                                                                                                                                                                                                                                                                                                                                                                                                                                                                                                                                                                                                                                       @typescript-eslint/no-unused-vars
    22:3   warning  'PolarAngleAxis' is defined but never used                                                                                                                                                                                                                                                                                                                                                                                                                                                                                                                                                                                                                                                                                                                                                                                                                                                                                                                                                                                                                                                                                                                                                                  @typescript-eslint/no-unused-vars
    23:3   warning  'PolarRadiusAxis' is defined but never used                                                                                                                                                                                                                                                                                                                                                                                                                                                                                                                                                                                                                                                                                                                                                                                                                                                                                                                                                                                                                                                                                                                                                                 @typescript-eslint/no-unused-vars
    24:3   warning  'ResponsiveContainer' is defined but never used                                                                                                                                                                                                                                                                                                                                                                                                                                                                                                                                                                                                                                                                                                                                                                                                                                                                                                                                                                                                                                                                                                                                                             @typescript-eslint/no-unused-vars
    25:3   warning  'Legend' is defined but never used                                                                                                                                                                                                                                                                                                                                                                                                                                                                                                                                                                                                                                                                                                                                                                                                                                                                                                                                                                                                                                                                                                                                                                          @typescript-eslint/no-unused-vars
    26:3   warning  'Tooltip' is defined but never used                                                                                                                                                                                                                                                                                                                                                                                                                                                                                                                                                                                                                                                                                                                                                                                                                                                                                                                                                                                                                                                                                                                                                                         @typescript-eslint/no-unused-vars
    27:3   warning  'LineChart' is defined but never used                                                                                                                                                                                                                                                                                                                                                                                                                                                                                                                                                                                                                                                                                                                                                                                                                                                                                                                                                                                                                                                                                                                                                                       @typescript-eslint/no-unused-vars
    28:3   warning  'Line' is defined but never used                                                                                                                                                                                                                                                                                                                                                                                                                                                                                                                                                                                                                                                                                                                                                                                                                                                                                                                                                                                                                                                                                                                                                                            @typescript-eslint/no-unused-vars
    29:3   warning  'XAxis' is defined but never used                                                                                                                                                                                                                                                                                                                                                                                                                                                                                                                                                                                                                                                                                                                                                                                                                                                                                                                                                                                                                                                                                                                                                                           @typescript-eslint/no-unused-vars
    30:3   warning  'YAxis' is defined but never used                                                                                                                                                                                                                                                                                                                                                                                                                                                                                                                                                                                                                                                                                                                                                                                                                                                                                                                                                                                                                                                                                                                                                                           @typescript-eslint/no-unused-vars
    31:3   warning  'CartesianGrid' is defined but never used                                                                                                                                                                                                                                                                                                                                                                                                                                                                                                                                                                                                                                                                                                                                                                                                                                                                                                                                                                                                                                                                                                                                                                   @typescript-eslint/no-unused-vars
   122:32  warning  Error: Calling setState synchronously within an effect can trigger cascading renders

Effects are intended to synchronize state between React and external systems such as manually updating the DOM, state management libraries, or other platform APIs. In general, the body of an effect should do one or both of the following:
* Update external systems with the latest state from React.
* Subscribe for updates from some external system, calling setState in a callback function when external state changes.

Calling setState synchronously within an effect body causes cascading renders that can hurt performance, and is not recommended. (https://react.dev/learn/you-might-not-need-an-effect).

/home/z/my-project/rishi-terminal/components/lab/CompareTab.tsx:122:32
  120 |       if (raw) {
  121 |         const p = JSON.parse(raw) as CompareState;
> 122 |         if (p.symbols?.length) setSymbols(p.symbols.slice(0, MAX_STOCKS));
      |                                ^^^^^^^^^^ Avoid calling setState() directly within an effect
  123 |         if (p.viewMode) setViewMode(p.viewMode);
  124 |       }
  125 |       const rr = localStorage.getItem(RIVALRY_KEY);  react-hooks/set-state-in-effect
   236:6   warning  React Hook useMemo has a missing dependency: 'rows'. Either include it or remove the dependency array                                                                                                                                                                                                                                                                                                                                                                                                                                                                                                                                                                                                                                                                                                                                                                                                                                                                                                                                                                                                                                                                                                       react-hooks/exhaustive-deps
   310:38  warning  Unexpected any. Specify a different type                                                                                                                                                                                                                                                                                                                                                                                                                                                                                                                                                                                                                                                                                                                                                                                                                                                                                                                                                                                                                                                                                                                                                                    @typescript-eslint/no-explicit-any
   311:43  warning  Unexpected any. Specify a different type                                                                                                                                                                                                                                                                                                                                                                                                                                                                                                                                                                                                                                                                                                                                                                                                                                                                                                                                                                                                                                                                                                                                                                    @typescript-eslint/no-explicit-any
   312:40  warning  Unexpected any. Specify a different type                                                                                                                                                                                                                                                                                                                                                                                                                                                                                                                                                                                                                                                                                                                                                                                                                                                                                                                                                                                                                                                                                                                                                                    @typescript-eslint/no-explicit-any
   313:44  warning  Unexpected any. Specify a different type                                                                                                                                                                                                                                                                                                                                                                                                                                                                                                                                                                                                                                                                                                                                                                                                                                                                                                                                                                                                                                                                                                                                                                    @typescript-eslint/no-explicit-any
   314:43  warning  Unexpected any. Specify a different type                                                                                                                                                                                                                                                                                                                                                                                                                                                                                                                                                                                                                                                                                                                                                                                                                                                                                                                                                                                                                                                                                                                                                                    @typescript-eslint/no-explicit-any
   315:41  warning  Unexpected any. Specify a different type                                                                                                                                                                                                                                                                                                                                                                                                                                                                                                                                                                                                                                                                                                                                                                                                                                                                                                                                                                                                                                                                                                                                                                    @typescript-eslint/no-explicit-any
   319:27  warning  Unexpected any. Specify a different type                                                                                                                                                                                                                                                                                                                                                                                                                                                                                                                                                                                                                                                                                                                                                                                                                                                                                                                                                                                                                                                                                                                                                                    @typescript-eslint/no-explicit-any
   324:54  warning  Unexpected any. Specify a different type                                                                                                                                                                                                                                                                                                                                                                                                                                                                                                                                                                                                                                                                                                                                                                                                                                                                                                                                                                                                                                                                                                                                                                    @typescript-eslint/no-explicit-any
   331:26  warning  Unexpected any. Specify a different type                                                                                                                                                                                                                                                                                                                                                                                                                                                                                                                                                                                                                                                                                                                                                                                                                                                                                                                                                                                                                                                                                                                                                                    @typescript-eslint/no-explicit-any
   332:28  warning  Unexpected any. Specify a different type                                                                                                                                                                                                                                                                                                                                                                                                                                                                                                                                                                                                                                                                                                                                                                                                                                                                                                                                                                                                                                                                                                                                                                    @typescript-eslint/no-explicit-any
   342:28  warning  Unexpected any. Specify a different type                                                                                                                                                                                                                                                                                                                                                                                                                                                                                                                                                                                                                                                                                                                                                                                                                                                                                                                                                                                                                                                                                                                                                                    @typescript-eslint/no-explicit-any
   343:38  warning  Unexpected any. Specify a different type                                                                                                                                                                                                                                                                                                                                                                                                                                                                                                                                                                                                                                                                                                                                                                                                                                                                                                                                                                                                                                                                                                                                                                    @typescript-eslint/no-explicit-any
   356:43  warning  Unexpected any. Specify a different type                                                                                                                                                                                                                                                                                                                                                                                                                                                                                                                                                                                                                                                                                                                                                                                                                                                                                                                                                                                                                                                                                                                                                                    @typescript-eslint/no-explicit-any
   356:51  warning  Unexpected any. Specify a different type                                                                                                                                                                                                                                                                                                                                                                                                                                                                                                                                                                                                                                                                                                                                                                                                                                                                                                                                                                                                                                                                                                                                                                    @typescript-eslint/no-explicit-any
   357:42  warning  Unexpected any. Specify a different type                                                                                                                                                                                                                                                                                                                                                                                                                                                                                                                                                                                                                                                                                                                                                                                                                                                                                                                                                                                                                                                                                                                                                                    @typescript-eslint/no-explicit-any
   357:50  warning  Unexpected any. Specify a different type                                                                                                                                                                                                                                                                                                                                                                                                                                                                                                                                                                                                                                                                                                                                                                                                                                                                                                                                                                                                                                                                                                                                                                    @typescript-eslint/no-explicit-any
   359:48  warning  Unexpected any. Specify a different type                                                                                                                                                                                                                                                                                                                                                                                                                                                                                                                                                                                                                                                                                                                                                                                                                                                                                                                                                                                                                                                                                                                                                                    @typescript-eslint/no-explicit-any
   369:27  warning  Unexpected any. Specify a different type                                                                                                                                                                                                                                                                                                                                                                                                                                                                                                                                                                                                                                                                                                                                                                                                                                                                                                                                                                                                                                                                                                                                                                    @typescript-eslint/no-explicit-any
   374:27  warning  Unexpected any. Specify a different type                                                                                                                                                                                                                                                                                                                                                                                                                                                                                                                                                                                                                                                                                                                                                                                                                                                                                                                                                                                                                                                                                                                                                                    @typescript-eslint/no-explicit-any
   396:5   warning  Error: Calling setState synchronously within an effect can trigger cascading renders

Effects are intended to synchronize state between React and external systems such as manually updating the DOM, state management libraries, or other platform APIs. In general, the body of an effect should do one or both of the following:
* Update external systems with the latest state from React.
* Subscribe for updates from some external system, calling setState in a callback function when external state changes.

Calling setState synchronously within an effect body causes cascading renders that can hurt performance, and is not recommended. (https://react.dev/learn/you-might-not-need-an-effect).

/home/z/my-project/rishi-terminal/components/lab/CompareTab.tsx:396:5
  394 |   useEffect(() => {
  395 |     if (viewMode !== 'historical' || !symbols.length) return;
> 396 |     setHistLoading(true);
      |     ^^^^^^^^^^^^^^ Avoid calling setState() directly within an effect
  397 |     Promise.all(symbols.map(sym => fetchHistoryPoints(sym, histTF)))
  398 |       .then(results => {
  399 |         const map: Record<string, HistoryPoint[]> = {};                    react-hooks/set-state-in-effect
   410:6   warning  React Hook useEffect has a missing dependency: 'symbols'. Either include it or remove the dependency array                                                                                                                                                                                                                                                                                                                                                                                                                                                                                                                                                                                                                                                                                                                                                                                                                                                                                                                                                                                                                                                                                                  react-hooks/exhaustive-deps
   410:17  warning  React Hook useEffect has a complex expression in the dependency array. Extract it to a separate variable so it can be statically checked                                                                                                                                                                                                                                                                                                                                                                                                                                                                                                                                                                                                                                                                                                                                                                                                                                                                                                                                                                                                                                                                    react-hooks/exhaustive-deps
   666:29  warning  Unexpected any. Specify a different type                                                                                                                                                                                                                                                                                                                                                                                                                                                                                                                                                                                                                                                                                                                                                                                                                                                                                                                                                                                                                                                                                                                                                                    @typescript-eslint/no-explicit-any
   757:35  warning  Unexpected any. Specify a different type                                                                                                                                                                                                                                                                                                                                                                                                                                                                                                                                                                                                                                                                                                                                                                                                                                                                                                                                                                                                                                                                                                                                                                    @typescript-eslint/no-explicit-any
   845:39  warning  Unexpected any. Specify a different type                                                                                                                                                                                                                                                                                                                                                                                                                                                                                                                                                                                                                                                                                                                                                                                                                                                                                                                                                                                                                                                                                                                                                                    @typescript-eslint/no-explicit-any
   855:50  warning  Unexpected any. Specify a different type                                                                                                                                                                                                                                                                                                                                                                                                                                                                                                                                                                                                                                                                                                                                                                                                                                                                                                                                                                                                                                                                                                                                                                    @typescript-eslint/no-explicit-any
   857:48  warning  Unexpected any. Specify a different type                                                                                                                                                                                                                                                                                                                                                                                                                                                                                                                                                                                                                                                                                                                                                                                                                                                                                                                                                                                                                                                                                                                                                                    @typescript-eslint/no-explicit-any
   873:38  warning  'i' is defined but never used                                                                                                                                                                                                                                                                                                                                                                                                                                                                                                                                                                                                                                                                                                                                                                                                                                                                                                                                                                                                                                                                                                                                                                               @typescript-eslint/no-unused-vars
   901:39  warning  Unexpected any. Specify a different type                                                                                                                                                                                                                                                                                                                                                                                                                                                                                                                                                                                                                                                                                                                                                                                                                                                                                                                                                                                                                                                                                                                                                                    @typescript-eslint/no-explicit-any
   901:44  warning  'i' is defined but never used                                                                                                                                                                                                                                                                                                                                                                                                                                                                                                                                                                                                                                                                                                                                                                                                                                                                                                                                                                                                                                                                                                                                                                               @typescript-eslint/no-unused-vars
   902:65  warning  Unexpected any. Specify a different type                                                                                                                                                                                                                                                                                                                                                                                                                                                                                                                                                                                                                                                                                                                                                                                                                                                                                                                                                                                                                                                                                                                                                                    @typescript-eslint/no-explicit-any
   913:47  warning  Unexpected any. Specify a different type                                                                                                                                                                                                                                                                                                                                                                                                                                                                                                                                                                                                                                                                                                                                                                                                                                                                                                                                                                                                                                                                                                                                                                    @typescript-eslint/no-explicit-any
   913:55  warning  Unexpected any. Specify a different type                                                                                                                                                                                                                                                                                                                                                                                                                                                                                                                                                                                                                                                                                                                                                                                                                                                                                                                                                                                                                                                                                                                                                                    @typescript-eslint/no-explicit-any
   925:33  warning  Unexpected any. Specify a different type                                                                                                                                                                                                                                                                                                                                                                                                                                                                                                                                                                                                                                                                                                                                                                                                                                                                                                                                                                                                                                                                                                                                                                    @typescript-eslint/no-explicit-any
   981:35  warning  Unexpected any. Specify a different type                                                                                                                                                                                                                                                                                                                                                                                                                                                                                                                                                                                                                                                                                                                                                                                                                                                                                                                                                                                                                                                                                                                                                                    @typescript-eslint/no-explicit-any
  1007:31  warning  'displayVal' is assigned a value but never used                                                                                                                                                                                                                                                                                                                                                                                                                                                                                                                                                                                                                                                                                                                                                                                                                                                                                                                                                                                                                                                                                                                                                             @typescript-eslint/no-unused-vars
  1061:29  warning  Unexpected any. Specify a different type                                                                                                                                                                                                                                                                                                                                                                                                                                                                                                                                                                                                                                                                                                                                                                                                                                                                                                                                                                                                                                                                                                                                                                    @typescript-eslint/no-explicit-any
  1061:37  warning  Unexpected any. Specify a different type                                                                                                                                                                                                                                                                                                                                                                                                                                                                                                                                                                                                                                                                                                                                                                                                                                                                                                                                                                                                                                                                                                                                                                    @typescript-eslint/no-explicit-any
  1062:28  warning  Unexpected any. Specify a different type                                                                                                                                                                                                                                                                                                                                                                                                                                                                                                                                                                                                                                                                                                                                                                                                                                                                                                                                                                                                                                                                                                                                                                    @typescript-eslint/no-explicit-any
  1062:33  warning  'i' is defined but never used                                                                                                                                                                                                                                                                                                                                                                                                                                                                                                                                                                                                                                                                                                                                                                                                                                                                                                                                                                                                                                                                                                                                                                               @typescript-eslint/no-unused-vars
  1135:34  warning  Unexpected any. Specify a different type                                                                                                                                                                                                                                                                                                                                                                                                                                                                                                                                                                                                                                                                                                                                                                                                                                                                                                                                                                                                                                                                                                                                                                    @typescript-eslint/no-explicit-any
  1136:67  warning  Unexpected any. Specify a different type                                                                                                                                                                                                                                                                                                                                                                                                                                                                                                                                                                                                                                                                                                                                                                                                                                                                                                                                                                                                                                                                                                                                                                    @typescript-eslint/no-explicit-any
  1137:94  warning  Unexpected any. Specify a different type                                                                                                                                                                                                                                                                                                                                                                                                                                                                                                                                                                                                                                                                                                                                                                                                                                                                                                                                                                                                                                                                                                                                                                    @typescript-eslint/no-explicit-any
  1140:35  warning  Unexpected any. Specify a different type                                                                                                                                                                                                                                                                                                                                                                                                                                                                                                                                                                                                                                                                                                                                                                                                                                                                                                                                                                                                                                                                                                                                                                    @typescript-eslint/no-explicit-any
  1140:43  warning  Unexpected any. Specify a different type                                                                                                                                                                                                                                                                                                                                                                                                                                                                                                                                                                                                                                                                                                                                                                                                                                                                                                                                                                                                                                                                                                                                                                    @typescript-eslint/no-explicit-any
  1141:34  warning  Unexpected any. Specify a different type                                                                                                                                                                                                                                                                                                                                                                                                                                                                                                                                                                                                                                                                                                                                                                                                                                                                                                                                                                                                                                                                                                                                                                    @typescript-eslint/no-explicit-any

/home/z/my-project/rishi-terminal/components/lab/ErrorBoundary.tsx
  10:42  warning  Unexpected any. Specify a different type  @typescript-eslint/no-explicit-any
  18:28  warning  Unexpected any. Specify a different type  @typescript-eslint/no-explicit-any
  18:39  warning  Unexpected any. Specify a different type  @typescript-eslint/no-explicit-any

/home/z/my-project/rishi-terminal/components/lab/HoldingsTab.tsx
   50:5    warning  Error: Calling setState synchronously within an effect can trigger cascading renders

Effects are intended to synchronize state between React and external systems such as manually updating the DOM, state management libraries, or other platform APIs. In general, the body of an effect should do one or both of the following:
* Update external systems with the latest state from React.
* Subscribe for updates from some external system, calling setState in a callback function when external state changes.

Calling setState synchronously within an effect body causes cascading renders that can hurt performance, and is not recommended. (https://react.dev/learn/you-might-not-need-an-effect).

/home/z/my-project/rishi-terminal/components/lab/HoldingsTab.tsx:50:5
  48 |
  49 |   useEffect(() => {
> 50 |     setHoldings(loadPortfolio().holdings);
     |     ^^^^^^^^^^^ Avoid calling setState() directly within an effect
  51 |   }, []);
  52 |
  53 |   const symbols = useMemo(() => holdings.map(h => h.symbol), [holdings]);  react-hooks/set-state-in-effect
  178:109  warning  Unexpected any. Specify a different type                                                                                                                                                                                                                                                                                                                                                                                                                                                                                                                                                                                                                                                                                                                                                                                                                                                                                                                                                                                                                         @typescript-eslint/no-explicit-any
  178:141  warning  Unexpected any. Specify a different type                                                                                                                                                                                                                                                                                                                                                                                                                                                                                                                                                                                                                                                                                                                                                                                                                                                                                                                                                                                                                         @typescript-eslint/no-explicit-any
  179:77   warning  Unexpected any. Specify a different type                                                                                                                                                                                                                                                                                                                                                                                                                                                                                                                                                                                                                                                                                                                                                                                                                                                                                                                                                                                                                         @typescript-eslint/no-explicit-any

/home/z/my-project/rishi-terminal/components/lab/InfoTip.tsx
  17:23  warning  Unexpected any. Specify a different type  @typescript-eslint/no-explicit-any

/home/z/my-project/rishi-terminal/components/lab/IntelligenceTab.tsx
  23:10  warning  'scoreLabel' is defined but never used                                                                                                                                                                                                                                                                                                                                                                                                                                                                                                                                                                                                                                                                                                                                                                                                                                                                                                                                                                                                                               @typescript-eslint/no-unused-vars
  57:5   warning  Error: Calling setState synchronously within an effect can trigger cascading renders

Effects are intended to synchronize state between React and external systems such as manually updating the DOM, state management libraries, or other platform APIs. In general, the body of an effect should do one or both of the following:
* Update external systems with the latest state from React.
* Subscribe for updates from some external system, calling setState in a callback function when external state changes.

Calling setState synchronously within an effect body causes cascading renders that can hurt performance, and is not recommended. (https://react.dev/learn/you-might-not-need-an-effect).

/home/z/my-project/rishi-terminal/components/lab/IntelligenceTab.tsx:57:5
  55 |
  56 |   useEffect(() => {
> 57 |     setHoldings(loadPortfolio().holdings);
     |     ^^^^^^^^^^^ Avoid calling setState() directly within an effect
  58 |   }, []);
  59 |
  60 |   // Commit N1 (founder decision 2026-10-02): every caller — signed in or  react-hooks/set-state-in-effect

/home/z/my-project/rishi-terminal/components/lab/OverviewTab.tsx
  104:21  warning  'setBenchmark' is assigned a value but never used                                                                                                                                                                                                                                                                                                                                                                                                                                                                                                                                                                                                                                                                                                                                                                                                                                                                                                                                                                                                                                                                                                                                                                          @typescript-eslint/no-unused-vars
  107:5   warning  Error: Calling setState synchronously within an effect can trigger cascading renders

Effects are intended to synchronize state between React and external systems such as manually updating the DOM, state management libraries, or other platform APIs. In general, the body of an effect should do one or both of the following:
* Update external systems with the latest state from React.
* Subscribe for updates from some external system, calling setState in a callback function when external state changes.

Calling setState synchronously within an effect body causes cascading renders that can hurt performance, and is not recommended. (https://react.dev/learn/you-might-not-need-an-effect).

/home/z/my-project/rishi-terminal/components/lab/OverviewTab.tsx:107:5
  105 |
  106 |   useEffect(() => {
> 107 |     setHoldings(loadPortfolio().holdings);
      |     ^^^^^^^^^^^ Avoid calling setState() directly within an effect
  108 |     setPortfolioLoaded(true);
  109 |   }, []);
  110 |                                                                                                                                                                                                react-hooks/set-state-in-effect
  122:28  warning  'liveLoading' is assigned a value but never used                                                                                                                                                                                                                                                                                                                                                                                                                                                                                                                                                                                                                                                                                                                                                                                                                                                                                                                                                                                                                                                                                                                                                                           @typescript-eslint/no-unused-vars
  162:19  warning  Unexpected any. Specify a different type                                                                                                                                                                                                                                                                                                                                                                                                                                                                                                                                                                                                                                                                                                                                                                                                                                                                                                                                                                                                                                                                                                                                                                                   @typescript-eslint/no-explicit-any
  171:6   warning  React Hook useEffect has a missing dependency: 'symbols'. Either include it or remove the dependency array                                                                                                                                                                                                                                                                                                                                                                                                                                                                                                                                                                                                                                                                                                                                                                                                                                                                                                                                                                                                                                                                                                                 react-hooks/exhaustive-deps
  264:9   warning  'topWeights' is assigned a value but never used                                                                                                                                                                                                                                                                                                                                                                                                                                                                                                                                                                                                                                                                                                                                                                                                                                                                                                                                                                                                                                                                                                                                                                            @typescript-eslint/no-unused-vars
  322:9   warning  'styleFit' is assigned a value but never used                                                                                                                                                                                                                                                                                                                                                                                                                                                                                                                                                                                                                                                                                                                                                                                                                                                                                                                                                                                                                                                                                                                                                                              @typescript-eslint/no-unused-vars
  386:54  warning  Error: Calling setState synchronously within an effect can trigger cascading renders

Effects are intended to synchronize state between React and external systems such as manually updating the DOM, state management libraries, or other platform APIs. In general, the body of an effect should do one or both of the following:
* Update external systems with the latest state from React.
* Subscribe for updates from some external system, calling setState in a callback function when external state changes.

Calling setState synchronously within an effect body causes cascading renders that can hurt performance, and is not recommended. (https://react.dev/learn/you-might-not-need-an-effect).

/home/z/my-project/rishi-terminal/components/lab/OverviewTab.tsx:386:54
  384 |   useEffect(() => {
  385 |     if (symbols.length === 0) return;
> 386 |     if (!benchHistory || benchHistory.length < 40) { setBeta(null); setMaxDD(null); return; }
      |                                                      ^^^^^^^ Avoid calling setState() directly within an effect
  387 |
  388 |     const benchTail = benchHistory.slice(-260);
  389 |     const benchMap = buildCloseMap(benchTail);  react-hooks/set-state-in-effect
  419:4   warning  React Hook useEffect has missing dependencies: 'benchHistory', 'historyBySymbol', and 'symbols'. Either include them or remove the dependency array                                                                                                                                                                                                                                                                                                                                                                                                                                                                                                                                                                                                                                                                                                                                                                                                                                                                                                                                                                                                                                                                        react-hooks/exhaustive-deps
  438:6   warning  React Hook useMemo has a missing dependency: 'historyBySymbol'. Either include it or remove the dependency array                                                                                                                                                                                                                                                                                                                                                                                                                                                                                                                                                                                                                                                                                                                                                                                                                                                                                                                                                                                                                                                                                                           react-hooks/exhaustive-deps

/home/z/my-project/rishi-terminal/components/lab/WatchlistTab.tsx
  84:9  warning  Error: Calling setState synchronously within an effect can trigger cascading renders

Effects are intended to synchronize state between React and external systems such as manually updating the DOM, state management libraries, or other platform APIs. In general, the body of an effect should do one or both of the following:
* Update external systems with the latest state from React.
* Subscribe for updates from some external system, calling setState in a callback function when external state changes.

Calling setState synchronously within an effect body causes cascading renders that can hurt performance, and is not recommended. (https://react.dev/learn/you-might-not-need-an-effect).

/home/z/my-project/rishi-terminal/components/lab/WatchlistTab.tsx:84:9
  82 |         const parsed = JSON.parse(raw);
  83 |         const list = parsed.lists?.default ?? parsed.items ?? [];
> 84 |         setItems(Array.isArray(list) ? list : []);
     |         ^^^^^^^^ Avoid calling setState() directly within an effect
  85 |       } else {
  86 |         const oldRaw = localStorage.getItem('rishi_watchlist_v2');
  87 |         if (oldRaw) {  react-hooks/set-state-in-effect

/home/z/my-project/rishi-terminal/components/lab/helpers.ts
  47:29  warning  Unexpected any. Specify a different type  @typescript-eslint/no-explicit-any
  62:32  warning  Unexpected any. Specify a different type  @typescript-eslint/no-explicit-any
  63:14  warning  Unexpected any. Specify a different type  @typescript-eslint/no-explicit-any

/home/z/my-project/rishi-terminal/components/markets/WorldMarketsGrid.tsx
  34:32  warning  Unexpected any. Specify a different type        @typescript-eslint/no-explicit-any
  76:11  warning  'spxChange' is assigned a value but never used  @typescript-eslint/no-unused-vars

/home/z/my-project/rishi-terminal/components/portfolio/PortfolioXRay.tsx
   88:48   warning  Unexpected any. Specify a different type  @typescript-eslint/no-explicit-any
  293:67   warning  Unexpected any. Specify a different type  @typescript-eslint/no-explicit-any
  293:104  warning  Unexpected any. Specify a different type  @typescript-eslint/no-explicit-any
  302:191  warning  Unexpected any. Specify a different type  @typescript-eslint/no-explicit-any

/home/z/my-project/rishi-terminal/components/score/RishiScoreDual.tsx
   28:20  warning  'glow' is assigned a value but never used       @typescript-eslint/no-unused-vars
   36:11  warning  'start' is assigned a value but never used      @typescript-eslint/no-unused-vars
  154:27  warning  'convLabel' is assigned a value but never used  @typescript-eslint/no-unused-vars

/home/z/my-project/rishi-terminal/components/screener/ScreenerClient.tsx
  53:6  warning  React Hook useMemo has an unnecessary dependency: 'locale'. Either exclude it or remove the dependency array  react-hooks/exhaustive-deps

/home/z/my-project/rishi-terminal/components/screener/StockTable.tsx
  219:35  warning  'idx' is defined but never used  @typescript-eslint/no-unused-vars

/home/z/my-project/rishi-terminal/components/shared/PriceChartPanel.tsx
  66:11  warning  'rawY' is assigned a value but never used      @typescript-eslint/no-unused-vars
  79:11  warning  'priceStr' is assigned a value but never used  @typescript-eslint/no-unused-vars

/home/z/my-project/rishi-terminal/components/stock/KnowledgeGraphView.tsx
    3:10  warning  'useEffect' is defined but never used             @typescript-eslint/no-unused-vars
  181:52  warning  Unexpected any. Specify a different type          @typescript-eslint/no-explicit-any
  307:10  warning  'TimelineCard' is defined but never used          @typescript-eslint/no-unused-vars
  307:43  warning  Unexpected any. Specify a different type          @typescript-eslint/no-explicit-any
  426:45  warning  'verdicts' is defined but never used              @typescript-eslint/no-unused-vars
  436:9   warning  'handleHover' is assigned a value but never used  @typescript-eslint/no-unused-vars
  440:9   warning  'handleLeave' is assigned a value but never used  @typescript-eslint/no-unused-vars
  526:58  warning  Unexpected any. Specify a different type          @typescript-eslint/no-explicit-any
  545:58  warning  Unexpected any. Specify a different type          @typescript-eslint/no-explicit-any
  564:61  warning  Unexpected any. Specify a different type          @typescript-eslint/no-explicit-any
  609:53  warning  Unexpected any. Specify a different type          @typescript-eslint/no-explicit-any

/home/z/my-project/rishi-terminal/components/stock/LivePriceWidget.tsx
   99:5    warning  Error: Calling setState synchronously within an effect can trigger cascading renders

Effects are intended to synchronize state between React and external systems such as manually updating the DOM, state management libraries, or other platform APIs. In general, the body of an effect should do one or both of the following:
* Update external systems with the latest state from React.
* Subscribe for updates from some external system, calling setState in a callback function when external state changes.

Calling setState synchronously within an effect body causes cascading renders that can hurt performance, and is not recommended. (https://react.dev/learn/you-might-not-need-an-effect).

/home/z/my-project/rishi-terminal/components/stock/LivePriceWidget.tsx:99:5
   97 |
   98 |   useEffect(() => {
>  99 |     fetchPrice();
      |     ^^^^^^^^^^ Avoid calling setState() directly within an effect
  100 |     const interval = setInterval(fetchPrice, 60000);
  101 |     return () => clearInterval(interval);
  102 |   }, [stock.symbol]);  react-hooks/set-state-in-effect
  102:6    warning  React Hook useEffect has a missing dependency: 'fetchPrice'. Either include it or remove the dependency array                                                                                                                                                                                                                                                                                                                                                                                                                                                                                                                                                                                                                                                                                                                                                                                                                                                                                                                                                                        react-hooks/exhaustive-deps
  200:43   warning  Unexpected any. Specify a different type                                                                                                                                                                                                                                                                                                                                                                                                                                                                                                                                                                                                                                                                                                                                                                                                                                                                                                                                                                                                                                             @typescript-eslint/no-explicit-any
  200:79   warning  Unexpected any. Specify a different type                                                                                                                                                                                                                                                                                                                                                                                                                                                                                                                                                                                                                                                                                                                                                                                                                                                                                                                                                                                                                                             @typescript-eslint/no-explicit-any
  203:38   warning  Unexpected any. Specify a different type                                                                                                                                                                                                                                                                                                                                                                                                                                                                                                                                                                                                                                                                                                                                                                                                                                                                                                                                                                                                                                             @typescript-eslint/no-explicit-any
  204:30   warning  Unexpected any. Specify a different type                                                                                                                                                                                                                                                                                                                                                                                                                                                                                                                                                                                                                                                                                                                                                                                                                                                                                                                                                                                                                                             @typescript-eslint/no-explicit-any
  211:44   warning  Unexpected any. Specify a different type                                                                                                                                                                                                                                                                                                                                                                                                                                                                                                                                                                                                                                                                                                                                                                                                                                                                                                                                                                                                                                             @typescript-eslint/no-explicit-any
  211:80   warning  Unexpected any. Specify a different type                                                                                                                                                                                                                                                                                                                                                                                                                                                                                                                                                                                                                                                                                                                                                                                                                                                                                                                                                                                                                                             @typescript-eslint/no-explicit-any
  211:115  warning  Unexpected any. Specify a different type                                                                                                                                                                                                                                                                                                                                                                                                                                                                                                                                                                                                                                                                                                                                                                                                                                                                                                                                                                                                                                             @typescript-eslint/no-explicit-any

/home/z/my-project/rishi-terminal/components/stock/PeerComparison.tsx
  55:25  warning  Unexpected any. Specify a different type  @typescript-eslint/no-explicit-any

/home/z/my-project/rishi-terminal/components/stock/PhilosophyRadar.tsx
  15:5  warning  Error: Calling setState synchronously within an effect can trigger cascading renders

Effects are intended to synchronize state between React and external systems such as manually updating the DOM, state management libraries, or other platform APIs. In general, the body of an effect should do one or both of the following:
* Update external systems with the latest state from React.
* Subscribe for updates from some external system, calling setState in a callback function when external state changes.

Calling setState synchronously within an effect body causes cascading renders that can hurt performance, and is not recommended. (https://react.dev/learn/you-might-not-need-an-effect).

/home/z/my-project/rishi-terminal/components/stock/PhilosophyRadar.tsx:15:5
  13 |
  14 |   useEffect(() => {
> 15 |     setMounted(true);
     |     ^^^^^^^^^^ Avoid calling setState() directly within an effect
  16 |   }, []);
  17 |
  18 |   if (!scores || scores.length === 0) return null;  react-hooks/set-state-in-effect

/home/z/my-project/rishi-terminal/components/stock/PriceChart.tsx
  66:11  warning  'rawY' is assigned a value but never used      @typescript-eslint/no-unused-vars
  79:11  warning  'priceStr' is assigned a value but never used  @typescript-eslint/no-unused-vars

/home/z/my-project/rishi-terminal/components/stock/QuarterlyChart.tsx
  78:17  warning  Unexpected any. Specify a different type                                                                                                                                                                                                                                                                                                                                                                                                                                                                                                                                                                                                                                                                                                                                                                                                                                                                                                                                                                                                                                  @typescript-eslint/no-explicit-any
  86:5   warning  Error: Calling setState synchronously within an effect can trigger cascading renders

Effects are intended to synchronize state between React and external systems such as manually updating the DOM, state management libraries, or other platform APIs. In general, the body of an effect should do one or both of the following:
* Update external systems with the latest state from React.
* Subscribe for updates from some external system, calling setState in a callback function when external state changes.

Calling setState synchronously within an effect body causes cascading renders that can hurt performance, and is not recommended. (https://react.dev/learn/you-might-not-need-an-effect).

/home/z/my-project/rishi-terminal/components/stock/QuarterlyChart.tsx:86:5
  84 |
  85 |   useEffect(() => {
> 86 |     fetchData();
     |     ^^^^^^^^^ Avoid calling setState() directly within an effect
  87 |     const id = setInterval(fetchData, refreshMs);
  88 |     return () => clearInterval(id);
  89 |   }, [fetchData, refreshMs]);  react-hooks/set-state-in-effect

/home/z/my-project/rishi-terminal/components/stock/ShareholdingChart.tsx
  51:19  warning  Unexpected any. Specify a different type  @typescript-eslint/no-explicit-any

/home/z/my-project/rishi-terminal/components/stock/StockPageClient.tsx
  30:11  warning  Unexpected any. Specify a different type  @typescript-eslint/no-explicit-any

/home/z/my-project/rishi-terminal/components/stock/WisdomSidebar.tsx
  107:9   warning  'pe' is assigned a value but never used                                                                                                                                                                                                                                                                                                                                                                                                                                                                                                                                                                                                                                              @typescript-eslint/no-unused-vars
  108:9   warning  'roe' is assigned a value but never used                                                                                                                                                                                                                                                                                                                                                                                                                                                                                                                                                                                                                                             @typescript-eslint/no-unused-vars
  111:9   warning  'mktcap' is assigned a value but never used                                                                                                                                                                                                                                                                                                                                                                                                                                                                                                                                                                                                                                          @typescript-eslint/no-unused-vars
  112:9   warning  'debtToEquity' is assigned a value but never used                                                                                                                                                                                                                                                                                                                                                                                                                                                                                                                                                                                                                                    @typescript-eslint/no-unused-vars
  113:9   warning  'revCagr' is assigned a value but never used                                                                                                                                                                                                                                                                                                                                                                                                                                                                                                                                                                                                                                         @typescript-eslint/no-unused-vars
  114:9   warning  'promoter' is assigned a value but never used                                                                                                                                                                                                                                                                                                                                                                                                           